{"cameraMode":{"drawMode":0,"name":"Shaded","section":"Shading Mode"},"sceneLighting":true,"audioPlay":false,"sceneViewState":{"m_AlwaysRefresh":false,"showFog":true,"showSkybox":true,"showFlares":true,"showImageEffects":true,"showParticleSystems":true,"showVisualEffectGraphs":true,"m_FxEnabled":true},"in2DMode":false,"pivot":{"x":-7.129903316497803,"y":-0.15923058986663819,"z":19.698978424072267},"rotation":{"x":0.12477520108222962,"y":0.004466579295694828,"z":-0.0005612600361928344,"w":0.9921950697898865},"size":2.7131690979003908,"orthographic":false}